item_id,item_name,item_type,nutrition_flag,wartość,kcal,fat,saturated_fat,carbohydrates,sugar,protein,salt,polyols,starch,fiber,monounsaturated fatty acids,polyunsaturated fatty acids
0000000059,"Mleczna Dolina Mleko UHT częściowo odtłuszczone zawartość tłuszczu 1,5 % 1 L",nabial,Y,w porcji 100 ml,44 kcal,1.5 g,0.9 g,4.7 g,4.7 g,3 g,0.1 g,,,,,
0000004370,Mlekovita Masło Polskie ekstra 82% tł. 200 g,nabial,Y,w porcji 100 g,746 kcal,82 g,54 g,1 g,1 g,1 g,0.02 g,,,,,
0000004246,Rolmlecz  Serek homogenizowany waniliowy 200 g,nabial,Y,w porcji 100 g,138 kcal,5.5 g,3.6 g,15 g,14 g,7 g,0.1 g,,,,,
0000002150,Mleczna Dolina Mleko świeże 2% 1 l,nabial,Y,w porcji 100 ml,49 kcal,2 g,1.2 g,4.8 g,4.8 g,3 g,0.1 g,,,,,
0000000058,"Mleczna Dolina mleko UHT zawartość tłuszczu 3,2 % 1 L",nabial,Y,w porcji 100 ml,60 kcal,3.2 g,1.9 g,4.7 g,4.7 g,3 g,0.1 g,,,,,
0000001306,Fantasia Jogurt kremowy z kulkami w czekoladzie 100 g,nabial,Y,w porcji 100 g,147 kcal,7.9 g,5 g,15.4 g,13.6 g,3.4 g,0.14 g,,,,,
0000004338,Moja Kurka Jaja ściółkowe L 10 szt.,nabial,Y,w porcji 100 g,139 kcal,9.7 g,3 g,0.6 g,0 g,12.5 g,0.4 g,0 g,0 g,0 g,,
0000004506,Almette Puszysty serek twarogowy jogurtowy 150 g,nabial,Y,w porcji 100 g,260 kcal,24 g,16 g,3.8 g,3.8 g,7.1 g,,,,,,
0000005537,Zott Primo Śmietanka 30 % 200 g,nabial,Y,w porcji 100 g,293 kcal,30 g,20.1 g,3.4 g,3.4 g,2.3 g,0.09 g,,,,,
0000001305,Fantasia Jogurt kremowy z płatkami w czekoladzie 102 g,nabial,Y,w porcji 100 g,157 kcal,8.4 g,5.3 g,16.9 g,13.8 g,3.3 g,0.18 g,,,,,
0000015339,"Łaciate Mleko UHT 3,2 % 1 l",nabial,Y,w porcji 100 ml,60 kcal,3.2 g,2 g,4.7 g,4.7 g,3.2 g,0.1 g,,,,,
0000008582,Mleczna Dolina Śmietana 18% 200 g,nabial,Y,w porcji 100 g,188 kcal,18 g,12.3 g,3.1 g,3.1 g,2.6 g,0.11 g,,,,,
0000007510,Moja Kurka Jaja Wolny wybieg L 10 sztuk,nabial,Y,w porcji 100 g,139 kcal,9.7 g,3 g,0.6 g,0 g,12.5 g,0.4 g,,,,,
0000002527,Zott Jogobella Jogurt brzoskwinia 175 g,nabial,Y,w porcji 100 g,91 kcal,2.7 g,1.8 g,12.2 g,11.7 g,3.5 g,0.14 g,,,,,
0000002529,Zott Jogobella Jogurt malina 175 g,nabial,Y,w porcji 100 g,89 kcal,2.7 g,1.8 g,11.5 g,10.9 g,3.5 g,0.15 g,,,,,
0000015903,Światowid Podlaski ser plastry 300 g,nabial,Y,w porcji 100 g,330 kcal,26 g,16 g,0.1 g,0.1 g,24 g,1.5 g,,,,,
0000002076,Mleczna Dolina Śmietana 18% 330ml,nabial,Y,w porcji 100 ml,188 kcal,18 g,11 g,4 g,3.8 g,2.5 g,0.1 g,,,,,
0000012034,Fantasia Jogurt kremowy z wiśniami 118 g,nabial,Y,w porcji 100 g,121 kcal,5.3 g,3.4 g,15.9 g,15.4 g,2.3 g,0.13 g,,,,,
0000002531,Zott Jogobella Jogurt wiśnia 175 g,nabial,Y,w porcji 100 g,89 kcal,2.7 g,1.8 g,11.6 g,11 g,3.5 g,0.15 g,,,,,
0000005501,Sottile Gusto Mozzarella Light 200g,nabial,Y,w porcji 100 g,157 kcal,8.5 g,5.8 g,1 g,1 g,19 g,0.6 g,,,,,
0000004505,Almette Puszysty serek twarogowy z chrzanem 150 g,nabial,Y,w porcji 100 g,250 kcal,23 g,16 g,4 g,3.4 g,6.8 g,,,,,,
0000011526,Danio Serek homogenizowany truskawkowy 120 g,nabial,Y,w porcji 100 g,97 kcal,2.5 g,1.6 g,12.9 g,12 g,5.5 g,0.08 g,,,,,
0000003328,Almette z ogórkiem i ziołami 150 g,nabial,Y,w porcji 100 g,243 kcal,22 g,15 g,5.5 g,3 g,5.8 g,0.8 g,,,,,
0000007436,"Piątnica Serek Homogenizowany truskawkowy, 150 g",nabial,Y,w porcji 100 g,130 kcal,5.7 g,4.1 g,13 g,13 g,6.6 g,0.1 g,,,,,
0000002530,Zott Jogobella Jogurt truskawka 175 g,nabial,Y,w porcji 100 g,90 kcal,2.7 g,1.8 g,12 g,11.4 g,3.5 g,0.14 g,,,,,
0000017919,Fantasia Jogurt kremowy chrupiący słony karmel 99 g,nabial,Y,w porcji 100 g,147 kcal,8.4 g,5.3 g,14.7 g,13.3 g,3.2 g,,,,,,
0000002543,Napój mleczny Müllermilch o smaku bananowym 400g,nabial,Y,w porcji 100 g,67 kcal,1.4 g,0.9 g,10.5 g,10 g,3.2 g,0.14 g,,,,,
0000004368,"Camembert Aromatyczny, 120 g",nabial,Y,w porcji 100 g,353 kcal,32 g,19.1 g,0.2 g,0.2 g,16 g,1.7 g,,,,,
0000016500,Zott Monte Deser 150 g,nabial,Y,w porcji 100 g,183 kcal,12.2 g,8.1 g,15.5 g,13.6 g,2.6 g,0.1 g,,,,,
0000005193,Elios Ser halloumi 225 g,nabial,Y,w porcji 100 g,302 kcal,24 g,16 g,1.4 g,1.4 g,20 g,2.5 g,,,0 g,,
0000003418,"Mleczna Dolina Mleko UHT 1,5% bez laktozy 1 l",nabial,Y,w porcji 100 ml,44 kcal,1.5 g,1 g,4.7 g,4.7 g,3 g,0.1 g,,,,,
0000007927,Włoszczowa Ser Włoszczowski plastry 400 g,nabial,Y,w porcji 100 g,338 kcal,26 g,18 g,1.1 g,0 g,25 g,1.5 g,,,,,
0000002591,Fruvita Duo Jogurt z kulkami w czekoladzie 125 g,nabial,Y,w porcji 100 g,162 kcal,8.3 g,5.2 g,17 g,14 g,4.5 g,0.24 g,,,0.6 g,,
0000006584,"Bakuś Serek truskawkowy z dodatkiem wapnia, witamin D, B6 i B12 90 g",nabial,Y,w porcji 100 g,108 kcal,4 g,2.4 g,12.3 g,11.8 g,5.8 g,0.1 g,,,,,
0000005476,"Ser królewski wędzony plastry, 135 g",nabial,Y,w porcji 100 g,352 kcal,27 g,18 g,1.2 g,0 g,26 g,1.4 g,0 g,0 g,0 g,0 g,0 g
0000000743,Twist Jogurt pitny owoce leśne 370 g,nabial,Y,w porcji 100 g,68 kcal,1.6 g,1.1 g,10.6 g,10.4 g,2.7 g,0.1 g,,,,,
0000011218,Bakoma Bakuś Milk & Fun Jogurt o smaku waniliowym z piankami 128 g,nabial,Y,w porcji 100 g,95 kcal,2.5 g,1.8 g,14.4 g,13.5 g,3.6 g,0.09 g,,,,,
0000001302,Président Twaróg delikatny ze szczypiorkiem 350 g,nabial,Y,w porcji 100 g,132 kcal,10 g,6.5 g,4 g,3.2 g,6.3 g,0.7 g,,,,,
0000011219,Bakoma Bakuś Milk & Fun Jogurt o smaku waniliowym z drażami 135 g,nabial,Y,w porcji 100 g,114 kcal,4.1 g,2.9 g,15.2 g,14.4 g,3.3 g,0.09 g,,,1.3 g,,
0000003327,Almette z ziołami 150 g,nabial,Y,w porcji 100 g,247 kcal,23 g,16 g,4.2 g,2.8 g,5.9 g,0.92 g,,,,,
0000007082,Fruvita z granolą i brzoskwiniami 230 g,nabial,Y,w porcji 100 g,165 kcal,7.6 g,4 g,20.5 g,14.9 g,3.2 g,0.08 g,,,1.1 g,,
0000006911,Napój mleczny Müllermilch SHAKE o smaku banana 400g,nabial,Y,w porcji 100 g,86 kcal,3.3 g,2.2 g,10.8 g,10.5 g,3.2 g,0.14 g,,,,,
0000001299,Président Twaróg delikatny z rzodkiewką 350 g,nabial,Y,w porcji 100 g,132 kcal,10 g,6.5 g,4.5 g,3.6 g,5.8 g,1 g,,,,,
0000004376,Zott Belriso Deser mleczny z ryżem i sosem 200 g,nabial,N,,,,,,,,,,,,,
0000019285,Bakoma Maxi Meal o smaku waniliowym 500g,nabial,Y,w porcji 100 g,100 kcal,4.7 g,1.2 g,7 g,2.7 g,6.7 g,0.1 g,,,1.6 g,,
0000020124,Twist 0% jagoda-wiśnia 370 g,nabial,Y,w porcji 100 g,31 kcal,0 g,0 g,4.9 g,4.6 g,2.8 g,0.11 g,,,,,
0000011673,Danio Serek homogenizowany z kawałkami czekolady 130 g,nabial,Y,w porcji 100 g,109 kcal,4 g,2.6 g,12.4 g,12 g,5.9 g,0.09 g,,,,,
0000006744,Moja Kurka Jaja ściółkowe M 20szt,nabial,Y,w porcji 100 g,139 kcal,9.7 g,3 g,0.6 g,0 g,12.5 g,0.4 g,,,,,
0000010700,"Danio Serek homogenizowany o smaku waniliowym, 120 g",nabial,Y,w porcji 100 g,94 kcal,2.5 g,1.6 g,12.2 g,11 g,5.5 g,0.08 g,,,,,
0000004503,Almette Puszysty serek twarogowy ze szczypiorkiem i cebulą 150 g,nabial,Y,w porcji 100 g,258 kcal,24 g,17 g,3.5 g,3.3 g,7.1 g,,,,,,
0000000180,Mleczna Dolina Masło extra zawartość tłuszczu 82 % 200 g,nabial,Y,w porcji 100 g,744 kcal,82 g,55 g,0.7 g,0.7 g,0.7 g,0.2 g,,,,,
0000004504,Almette Puszysty serek twarogowy z pomidorami dojrzewającymi w słońcu 150 g,nabial,Y,w porcji 100 g,236 kcal,21 g,15 g,4.4 g,4.3 g,7.3 g,,,,,,
0000002541,Müller Müllermilch Napój mleczny o smaku czekoladowym 400 g,nabial,Y,w porcji 100 g,71 kcal,1.6 g,1.1 g,10.7 g,10.2 g,3.4 g,0.15 g,,,,,
0000004702,Rolmlecz Serek homogenizowany truskawkowy 200 g,nabial,Y,w porcji 100 g,114 kcal,7 g,4.7 g,4.5 g,3.5 g,8.2 g,0.15 g,,,,,
0000009338,Delikate Serek śmietankowy ze szczypiorkiem 200 g,nabial,Y,w porcji 100 g,243 kcal,23 g,15 g,3 g,3 g,6 g,0.7 g,,,0 g,,
0000004362,Hochland Ser kremowy w plastrach tost 130 g,nabial,Y,w porcji 100 g,243 kcal,17 g,12 g,6.6 g,6.6 g,16 g,2.5 g,,,,,
0000001922,Activia Drink Truskawka/Kiwi 280 g,nabial,Y,w porcji 100 g,60 kcal,0.85 g,0.54 g,10 g,10 g,2.9 g,0.11 g,,,,,
0000011525,Danio Serek homogenizowany o smaku czekoladowo-orzechowym 120 g,nabial,Y,w porcji 100 g,109 kcal,3.1 g,1.9 g,14.2 g,13.4 g,5.8 g,0.08 g,,,,,
0000015914,Bakoma Bakuś Milk & Fun Jogurt o smaku waniliowym z chrupkami musującymi 132 g,nabial,Y,w porcji 100 g,105 kcal,3.3 g,2.3 g,15.4 g,14.2 g,3.5 g,0.2 g,,,,,
0000004184,Piątnica Serek wiejski z jagodami 150 g,nabial,Y,w porcji 100 g,122 kcal,4 g,2.8 g,13 g,11 g,8.6 g,0.5 g,,,,,
0000016452,Hochland Ser kremowy z szynką w trójkącikach (8 sztuk) 180 g,nabial,Y,w porcji 100 g,213 kcal,16 g,11 g,6.2 g,6.2 g,11 g,2.6 g,,,,,
0000001042,Fruvita  jogurt pitny truskawkowy 400g,nabial,Y,w porcji 100 g,77 kcal,2 g,1.2 g,11.8 g,11.4 g,2.8 g,0.13 g,,,0.1 g,,
0000002533,Müller Müllermilch Napój mleczny o smaku truskawkowym 400 g,nabial,Y,w porcji 100 g,64 kcal,1.4 g,0.9 g,9.5 g,9.5 g,3.2 g,0.14 g,,,,,
0000002592,Fruvita Duo Jogurt z gwiazdkami w czekoladzie 125g,nabial,Y,w porcji 100 g,160 kcal,8 g,5.1 g,17 g,14 g,4.6 g,0.24 g,,,0.6 g,,
0000016316,Piątnica Serek wiejski z ananasem 150 g,nabial,Y,w porcji 100 g,110 kcal,4 g,2.8 g,10 g,10 g,8.6 g,0.5 g,,,,,
0000004479,Delikate Camambert z ziołami 120 g,nabial,Y,w porcji 100 g,270 kcal,22 g,15 g,0.5 g,0.5 g,18 g,1.7 g,,,,,
0000004055,Fantasia Truskawka 118 g,nabial,Y,w porcji 100 g,118 kcal,5.3 g,3.4 g,15.2 g,14.8 g,2.3 g,0.09 g,,,,,
0000001842,Actimel o smaku owocu granatu 6x100 g,nabial,Y,w porcji 100 g,73 kcal,1.4 g,1 g,11.3 g,11.1 g,2.8 g,0.1 g,,,,,
0000006298,Zott Monte Deser mleczny z czekoladą i orzechami 330 g (6 x 55 g),nabial,Y,w porcji 100 g,183 kcal,12.2 g,8.1 g,15.5 g,13.6 g,2.6 g,0.1 g,,,,,
0000004700,"Mleczna Dolina mleko UHT bez laktozy zawartość tłuszczu 3,2 % 1 L",nabial,Y,w porcji 100 ml,59 kcal,3.2 g,2.1 g,4.4 g,4.4 g,3.2 g,0.1 g,,,,,
0000005040,Galbani Ser mozzarella 100 g,nabial,Y,w porcji 100 g,238 kcal,18 g,13 g,2 g,1 g,17 g,0.7 g,,,,,
0000001043,Fruvita  jogurt pitny brzoskwiniowy 400g,nabial,Y,w porcji 100 g,77 kcal,2 g,1.2 g,11.8 g,11.4 g,2.8 g,0.1 g,,,0.1 g,,
0000015902,Ser Światowid Gouda plastry 300 g,nabial,Y,w porcji 100 g,335 kcal,27 g,16 g,0.1 g,0.1 g,23 g,1.5 g,,,,,
0000007925,Włoszczowa Ser Gouda plastry 400 g ,nabial,Y,w porcji 100 g,338 kcal,26 g,18 g,1.1 g,0 g,25 g,1.5 g,,,,,
0000004491,Delikate Serek wiejski bez laktozy 200 g,nabial,Y,w porcji 100 g,97 kcal,5 g,3.3 g,20 g,2 g,11 g,0.7 g,,,0 g,,
0000004146,Krasnystaw Kefir 420 g,nabial,Y,w porcji 100 g,50 kcal,2 g,1.2 g,4.7 g,4.2 g,3.4 g,0.08 g,,,,,
0000016936,Activia Jogurt bez dodatku cukru mango banan 270 g,nabial,Y,w porcji 100 g,47 kcal,0.5 g,0.3 g,7.3 g,7.2 g,3.1 g,0.14 g,,,,,
0000004741,Piątnica Wiejskie bez laktozy 2% 1 l,nabial,Y,w porcji 100 ml,42 kcal,2 g,1.3 g,2.6 g,2.6 g,3.5 g,0.1 g,,,,,
0000006523,Piątnica Skyr jogurt pitny typu islandzkiego jagoda 330 ml,nabial,Y,w porcji 100 g,78 kcal,1.5 g,1.1 g,9.5 g,9 g,6.5 g,0.08 g,,,,,
0000006908,Müllermilch Shake Napój mleczny o smaku truskawkowym 400 g,nabial,Y,w porcji 100 g,83 kcal,3.3 g,2.2 g,10.1 g,9.6 g,3.3 g,0.14 g,,,,,
0000000744,Twist Jogurt pitny malinowy 370 g,nabial,Y,w porcji 100 g,68 kcal,1.6 g,1.1 g,10.6 g,10.4 g,2.7 g,0.1 g,,,,,
0000016315,Piątnica Serek wiejski z brzoskwinią 150 g,nabial,Y,w porcji 100 g,110 kcal,4 g,2.8 g,10 g,10 g,8.6 g,0.5 g,,,,,
0000004186,Piątnica Serek wiejski z malinami i żurawiną 150g,nabial,Y,w porcji 100 g,122 kcal,4 g,2.8 g,13 g,11 g,8.6 g,0.5 g,,,,,
0000004360,Hochland Ser kremowy w plastrach z szynką 130 g,nabial,Y,w porcji 100 g,242 kcal,17 g,11 g,6.3 g,6.3 g,16 g,2.6 g,,,,,
0000012038,Fantasia Jogurt kremowy z kulkami o smaku truskawki 100 g,nabial,Y,w porcji 100 g,148 kcal,8.2 g,5.2 g,15.4 g,14 g,3.4 g,0.14 g,,,,,
0000006583,"Bakuś Serek o smaku czekoladowym z dodatkiem  wapnia, witamin: D, B6 i B12 90 g",nabial,Y,w porcji 100 g,108 kcal,4 g,2.4 g,12.3 g,11.8 g,5.8 g,0.1 g,,,,,
0000007044,"Moja Kurka Jaja z chowu na wolnym wybiegu M, 20 szt.",nabial,Y,w porcji 100 g,139 kcal,9.7 g,3 g,0.6 g,0 g,12.5 g,0.4 g,,,,,
0000011674,Danio Serek homogenizowany truskawkowy 130 g,nabial,Y,w porcji 100 g,102 kcal,2.9 g,1.9 g,13.5 g,12.6 g,5.3 g,0.08 g,,,,,
0000007512,Go Bio Jaja 9szt,nabial,Y,w porcji 100 g,138 kcal,9.5 g,2.7 g,0.5 g,0 g,13 g,0.3 g,,,,,
0000000111,Mleczna Dolina Bita śmietanka w sprayu 250 ml,nabial,Y,w porcji 100 g,239 kcal,21 g,9.6 g,18 g,17 g,2.6 g,0.13 g,,,,,
0000007433,Jovi Duet  jagoda-wiśnia 350g,nabial,Y,w porcji 100 g,68 kcal,0.8 g,0.5 g,13 g,12 g,1.7 g,0.1 g,,,,,
0000007431,Jovi Duet banan-truskawka 350g,nabial,Y,w porcji 100 g,67 kcal,0.8 g,0.5 g,13 g,12 g,1.7 g,0.1 g,,,,,
0000002426,Tutti Serek stracciatella 150g,nabial,Y,w porcji 100 g,123 kcal,5 g,3.3 g,13.5 g,11.5 g,5.6 g,0.1 g,,,,,
0000008394,Moja Kurka Polskie jaja z chowu na wolnym wybiegu od kury zielononóżki 10 szt.,nabial,Y,w porcji 100 g,139 kcal,9.7 g,3 g,0.6 g,0 g,12.5 g,0.4 g,,,,,
0000004940,"Jogurt BIO banan, 140 g ",nabial,Y,w porcji 100 g,89 kcal,2.5 g,1.8 g,12.9 g,12 g,3.5 g,0.1 g,,,,,
0000007440,"Piątnica Serek Homogenizowany straciatella, 150 g",nabial,Y,w porcji 100 g,130 kcal,5.7 g,4.1 g,13 g,13 g,6.6 g,0.1 g,,,,,
0000003740,Hochland Ser kremowy z szynką 90 g,nabial,Y,w porcji 100 g,176 kcal,12 g,7.9 g,5.9 g,5.9 g,11 g,2.5 g,,,,,
0000000036,"Mleko UHT Mlekovita 3,2% 1l",nabial,Y,w porcji 100 ml,60 kcal,3.2 g,2.1 g,4.7 g,4.7 g,3.2 g,0.1 g,,,,,
0000006520,Piątnica Jogurt pitny Skyr mango marakuja 330 ml,nabial,Y,w porcji 100 g,345 kcal,1.5 g,1.1 g,10.5 g,10 g,6.5 g,0.08 g,,,,,
0000004187,Piątnica Serek Wiejski z truskawką 150 g,nabial,Y,w porcji 100 g,110 kcal,4 g,2.8 g,10 g,10 g,8.6 g,0.5 g,,,,,
0000012975,Delikate Twarożek grani klasyczny 200 g,nabial,Y,w porcji 100 g,115 kcal,7 g,4.5 g,2 g,2 g,11 g,0.7 g,,,0 g,,
0000015034,Delikate Marcarpone o smaku karmelowym 250 g,nabial,Y,w porcji 100 g,380 kcal,36 g,24 g,11 g,11 g,3.1 g,0.12 g,,,0 g,,
0000003518,Piątnica Serek wiejski naturalny 200 g,nabial,Y,w porcji 100 g,97 kcal,5 g,3.5 g,2 g,1.5 g,11 g,0.7 g,,,,,
0000004201,Piątnica Twój Smak aksamitny z łososiem 135g,nabial,Y,w porcji 100 g,243 kcal,23 g,15 g,3 g,3 g,6 g,1 g,,,,,
0000004477,Delikate Camembert Naturalny 120 g,nabial,Y,w porcji 100 g,270 kcal,22 g,15 g,0.5 g,0.5 g,18 g,1.7 g,,,,,
0000003599,Królewski Ser żółty platry 135g,nabial,Y,w porcji 100 g,352 kcal,27 g,18 g,1.2 g,0 g,26 g,1.5 g,0 g,0 g,0 g,0 g,0 g
0000001843,Actimel o smaku wieloowocowym 6x100 g,nabial,Y,w porcji 100 g,78 kcal,1.4 g,1 g,12.7 g,12.5 g,2.8 g,0.1 g,,,,,
0000013014,Światowid Gouda wiórki 300 g,nabial,Y,w porcji 100 g,344 kcal,26 g,17 g,2.5 g,0 g,25 g,1.5 g,,,0 g,,
0000002907,Delikate Camembert de caracter 200 g,nabial,Y,w porcji 100 g,353 kcal,32 g,19 g,0.5 g,0.5 g,16 g,1.7 g,,,,,
0000007715,"Piątnica  Koktajl białkowy - mango, marakuja 250 ml",nabial,Y,w porcji 100 ml,88 kcal,1.2 g,0.7 g,9 g,9 g,10.2 g,0.09 g,,,,,
0000019343,Alpro Skyr Style Proteina truskawka 400 g,nabial,Y,w porcji 100 g,85 kcal,3 g,0.5 g,8.5 g,8.2 g,5.2 g,0.22 g,,,1.2 g,,
0000000951,"Mleczna Dolina Mleko świeże 3,2% 1 l",nabial,Y,w porcji 100 ml,60 kcal,3.2 g,1.9 g,4.8 g,4.8 g,3 g,0.1 g,,,,,
0000005086,Fruvita Jogurt naturalny kremowy 400g,nabial,Y,w porcji 100 g,71 kcal,3 g,1.8 g,6.5 g,6.5 g,4.4 g,0.18 g,,,0 g,,
0000013059,Piątnica Serek śmietankowy naturalny 135g,nabial,Y,w porcji 100 g,243 kcal,23 g,15 g,3 g,3 g,6 g,0.8 g,,,,,
0000001853,Światowid Ser plastry mierzwione Edamski 150 g,nabial,Y,w porcji 100 g,311 kcal,23 g,14 g,0.1 g,0.1 g,26 g,2.5 g,,,,,
0000002919,Delikate Blue z niebieską pleśnią 100g,nabial,Y,w porcji 100 g,370 kcal,32 g,19 g,1.4 g,0.6 g,19 g,2.5 g,,,,,
0000008349,"Piątnica Jogurt SKYR z truskawkami,150 g",nabial,Y,w porcji 100 g,82 kcal,0 g,0 g,11 g,11 g,9.6 g,0.06 g,,,,,
0000004606,"Piątnica Twaróg Wiejski Półtłusty klinek, 250 g",nabial,Y,w porcji 100 g,115 kcal,4 g,2.4 g,3.8 g,3.8 g,16 g,0.11 g,,,,,
0000016453,Hochland Ser kremowy mixtett w trójkącikach 180 g,nabial,N,,,,,,,,,,,,,
0000005413,Zott Primo Bez laktozy Jogurt naturalny 180 g,nabial,Y,w porcji 100 g,65 kcal,3.1 g,2.1 g,3.7 g,3.7 g,4.8 g,0.16 g,,,,,
0000007639,Fruvita Pure jogurt owoce mango banan marakuja 150 g,nabial,Y,w porcji 100 g,88 kcal,3.1 g,1.8 g,10.6 g,9.3 g,3.9 g,0.15 g,,,0.8 g,,
0000005341,Fruvita Skyr naturalny 150 g,nabial,Y,w porcji 100 g,66 kcal,0 g,0 g,3.8 g,3.8 g,12 g,0.11 g,,,0 g,,
0000002444,Śmietana 18% Piątnica 200 g,nabial,Y,w porcji 100 g,192 kcal,18 g,12 g,4.8 g,4.5 g,2.7 g,0.1 g,,,,,
0000011672,Danio Serek homogenizowany o smaku waniliowym 130 g,nabial,Y,w porcji 100 g,99 kcal,2.9 g,1.9 g,12.8 g,11.6 g,5.3 g,0.08 g,,,,,
0000016380,Zott Primo Jogurt naturalny 370 g,nabial,Y,w porcji 100 g,67 kcal,3.1 g,2.1 g,4 g,4 g,4.8 g,0.17 g,,,,,
0000008513,GustoBello Burrata 125 g/280 g,nabial,Y,w porcji 100 g,259 kcal,23 g,15 g,2 g,1.8 g,10 g,0.41 g,,,0 g,,
0000001923,Activia Jogurt pitny jagoda borówka 280 g,nabial,Y,w porcji 100 g,60 kcal,0.9 g,0.6 g,10 g,10 g,2.9 g,0.11 g,,,,,
0000019399,Alpro Skyr Style sojowy wanilia 400 g,nabial,Y,w porcji 100 g,77 kcal,3 g,0.5 g,6.8 g,6.5 g,5.1 g,0.24 g,,,1.1 g,,
0000015907,Światowid Morski ser żółty w plastrach 500 g,nabial,Y,w porcji 100 g,327 kcal,25 g,18 g,1.5 g,0 g,24 g,2.5 g,,,0 g,,
0000008353,Piątnica Skyr jogurt typu islandzkiego z mango i marakują 150 g,nabial,Y,w porcji 100 g,82 kcal,0 g,0 g,11 g,11 g,9.6 g,0.06 g,,,,,
0000002939,Mleczna Dolina Kefir w butelce 400 g,nabial,Y,w porcji 100 g,44 kcal,1.5 g,1.1 g,4.5 g,3.4 g,3.2 g,0.1 g,,,,,
0000003742,Hochland Ser kremowy z ziołami 90 g,nabial,Y,w porcji 100 g,175 kcal,12 g,8 g,5.7 g,5.6 g,11 g,2.5 g,,,,,
0000015900,Delikate Serek wiejski lekki 3% 200 g,nabial,Y,w porcji 100 g,83 kcal,3 g,1.8 g,3 g,2.8 g,11 g,0.5 g,,,,,
0000000205,Delikate Twaróg półtłusty 250g,nabial,Y,w porcji 100 g,118 kcal,4 g,2.9 g,3.4 g,3.4 g,17 g,0.07 g,,,,,
0000012636,Danio Serek homogenizowany o smaku waniliowym (4x130 g) 520 g,nabial,Y,w porcji 100 g,99 kcal,2.9 g,1.9 g,12.8 g,11.6 g,5.3 g,0.08 g,,,,,
0000014674,Go Active Pudding proteinowy smak orzechowy z czekoladą 200 g,nabial,Y,w porcji 100 g,88 kcal,1.8 g,1.1 g,7.4 g,4.7 g,10 g,0.31 g,,,0.5 g,,
0000006008,Hochland Ser żółty w plastrach gouda 300 g,nabial,Y,w porcji 100 g,352 kcal,28 g,20 g,0 g,0 g,25 g,1.5 g,,,,,
0000004991,Delikate Green Ser Pleśniowy 100 g,nabial,Y,w porcji 100 g,366 kcal,31 g,21 g,1.8 g,0 g,20 g,2.5 g,,,,,
0000016269,Delikate Przekąska Serek z paluszkami chlebowymi 35 g,nabial,Y,w porcji 100 g,286 kcal,18 g,11 g,22 g,2.4 g,8 g,1.4 g,,,1 g,,
0000003684,Rycki Edam Exclusive plastry ser żółty 135 g,nabial,Y,w porcji 100 g,355 kcal,27 g,18 g,2 g,0 g,26 g,1.1 g,,,,,
0000005364,"Mleko świeże bez laktozy 2,0 % zawartość tłuszczu 1 l",nabial,Y,w porcji 100 ml,49 kcal,2 g,1.2 g,4.8 g,4.8 g,3 g,0.1 g,,,,,
0000007638,Fruvita Pure jogurt owoce truskawka banan jabłko150g,nabial,Y,w porcji 100 g,82 kcal,3 g,1.8 g,9.5 g,9.1 g,3.9 g,0.15 g,,,0.5 g,,
0000004375,Zott Belriso Deser mleczny z ryżem i sosem 200 g,nabial,N,,,,,,,,,,,,,
0000015186,Müller Müllermilch Party Napój mleczny o smaku marakui 400 g,nabial,Y,w porcji 100 g,67 kcal,1.4 g,1 g,10.3 g,9.7 g,3.3 g,0.13 g,,,,,
0000004182,Światowid ser Gouda plastry 1 kg,nabial,Y,w porcji 100 g,344 kcal,26 g,18 g,1.4 g,0.2 g,26 g,1.5 g,,,0 g,,
0000001885,Fruvita Jogurt naturalny typu greckiego 400 g,nabial,Y,w porcji 100 g,124 kcal,10 g,6.5 g,5 g,5 g,3.6 g,0.1 g,,,,,
0000015906,Światowid Gouda ser żółty w plastrach 500 g,nabial,Y,w porcji 100 g,336 kcal,26 g,18 g,1.5 g,0 g,24 g,1.5 g,,,0 g,,
0000002241,Britanny's Ser Cheddar 200 g,nabial,Y,w porcji 100 g,416 kcal,34.9 g,21.7 g,0.5 g,0.5 g,25.4 g,1.8 g,,,,,
0000016451,Hochland Ser kremowy ze śmietanką w trójkącikach (8 sztuk) 180 g,nabial,Y,w porcji 100 g,211 kcal,16 g,11 g,5.8 g,5.8 g,11 g,2.6 g,,,,,
0000007285,Galbani Ser Mascarpone 500 g,nabial,Y,w porcji 100 g,392 kcal,40 g,27 g,4.9 g,4.9 g,3.4 g,,,,,,
0000015904,Delikate Serek wiejski klasyczny 200 g,nabial,Y,w porcji 100 g,99 kcal,5 g,3 g,2.5 g,2.5 g,11 g,0.7 g,,,0 g,,
0000019265,Mlekovita Śmietana Polska naturalna 18% tłuszczu 400 g,nabial,Y,w porcji 100 g,188 kcal,18 g,12 g,4.2 g,4.2 g,2.4 g,0.1 g,,,,,
0000001800,Światowid Ser żółty Radamer 250 g,nabial,Y,w porcji 100 g,1426 kcal,26 g,18 g,1.3 g,0 g,26 g,1 g,,,,,
0000000060,Delikate Ser typu greckiego sałatkowy półtłusty 270 g,nabial,Y,w porcji 100 g,188 kcal,12 g,7.8 g,7 g,3.5 g,13 g,2.7 g,,,0 g,,
0000006586,"Bakuś Serek biszkoptowy z dodatkiem wapnia, witamin: D, B6 i B12 90 g",nabial,Y,w porcji 100 g,108 kcal,4 g,2.4 g,12.3 g,11.8 g,5.8 g,0.1 g,,,,,
0000003686,Fruvita Jogurt o smaku jagodowym 400g,nabial,Y,w porcji 100 g,85 kcal,2.5 g,1.5 g,12.6 g,11.5 g,2.7 g,0.13 g,,,0.4 g,,
0000002938,Sottile Gusto Mozzarella mini 270 g / 150 g,nabial,Y,w porcji 100 g,248 kcal,19 g,13 g,1.5 g,1.5 g,18 g,0.5 g,,,1.5 g,,
0000002940,Śmietanka UHT 30% 330ml Mleczna Dolina,nabial,Y,w porcji 100 ml,291 kcal,30 g,18 g,3.1 g,3.1 g,2.2 g,0.08 g,,,,,
0000000781,Fruvita Jogurt owoce leśne 400g,nabial,Y,w porcji 100 g,87 kcal,2.5 g,1.8 g,13.4 g,11.4 g,2.7 g,0.1 g,,,0.14 g,,
0000007434,Jovi Duet truskawka-kiwi 350g,nabial,Y,w porcji 100 g,67 kcal,0.8 g,0.5 g,13 g,12 g,1.7 g,0.13 g,,,,,
0000005546,Fruvita Protein jogurt bananowy 230 g,nabial,Y,w porcji 100 g,73 kcal,1.5 g,0.9 g,6.7 g,6.4 g,8 g,0.15 g,,,0.5 g,,
0000005487,Mlekovita Wypasione mleko UHT czekoladowe 200 ml,nabial,Y,w porcji 100 g,66 kcal,1.5 g,1 g,10 g,10 g,3 g,0.1 g,,,,,
0000000795,Światowid Ser żółty Edamski porcja 250 g,nabial,Y,w porcji 100 g,344 kcal,26 g,18 g,1.4 g,0.2 g,26 g,1.5 g,,,0 g,,
0000004827,"Piątnica Mleko wiejskie świeże 3,2% 1 l",nabial,Y,w porcji 100 g,60 kcal,3.2 g,2.5 g,4.7 g,4.7 g,3.1 g,,,,,,
0000002423,Fruvita Mixo Napój jogurtowy o smaku jabłko gruszka 700g,nabial,Y,w porcji 100 g,66 kcal,0.8 g,0.5 g,13.1 g,11.6 g,1.7 g,0.1 g,,,0.03 g,,
0000005869,Zott Jogobella Jogurt pieczone jabłko 400 g,nabial,Y,w porcji 100 g,108 kcal,2.6 g,1.8 g,16.7 g,16.1 g,3.5 g,0.15 g,,,,,
0000015905,Światowid Edamski ser żółty w plastrach 150 g,nabial,Y,w porcji 100 g,344 kcal,26 g,18 g,1.4 g,0.2 g,26 g,1.5 g,,,0 g,,
0000018563,Müllermilch Shake Napój mleczny o smaku czekoladowo-bananowym 400 g,nabial,Y,w porcji 100 g,86 kcal,3.5 g,2.3 g,9.8 g,9.4 g,3.4 g,0.15 g,,,,,
0000000279,Fasti Ser topiony kremowy Gouda 100 g,nabial,Y,w porcji 100 g,203 kcal,15 g,10 g,6 g,5.8 g,11 g,2.2 g,,,,,
0000003167,Miami Mleczna kanapka (4x28g) 112 g,nabial,Y,w porcji 100 g,415 kcal,25.4 g,13.4 g,37.3 g,23.2 g,8.6 g,0.31 g,,,3.5 g,,
0000002427,Tutti Serek brzoskwinia 150g,nabial,Y,w porcji 100 g,122 kcal,5 g,3.3 g,13.3 g,11.4 g,5.4 g,0.1 g,,,,,
0000004938,Jogurt BIO owoce leśne 140 g ,nabial,Y,w porcji 100 g,91 kcal,2.5 g,1.8 g,13.5 g,12.7 g,3.5 g,0.1 g,,,,,
0000002865,Fruvita Jogurt morelowy 400g,nabial,Y,w porcji 100 g,85 kcal,2.5 g,1.5 g,12.7 g,11.4 g,2.7 g,0.1 g,,,0.2 g,,
0000000314,Dessella Deser mleczny o smaku waniliowym z bitą śmietanką 180 g,nabial,Y,w porcji 100 g,94 kcal,2.5 g,1.5 g,15.5 g,12.5 g,2.3 g,0.06 g,,,,,
0000015440,Danone Danio Jogurt pitny smak truskawka jagoda 270g,nabial,Y,w porcji 100 g,66 kcal,1.4 g,0.9 g,9.6 g,9.4 g,3.6 g,0.13 g,,,,,
0000003517,Fruvita Jogurt naturalny kremowy 190 g,nabial,Y,w porcji 100 g,71 kcal,3 g,1.8 g,6.5 g,6.5 g,4.4 g,0.18 g,,,0 g,,
0000009633,Go Active Kaszka mleczna proteinowa 200g,nabial,Y,w porcji 100 g,81 kcal,1.5 g,0.9 g,8.7 g,4.8 g,8 g,0.25 g,,,0.2 g,,
0000008573,Tutti Prosty Skład Serek waniliowy 150 g,nabial,Y,w porcji 100 g,134 kcal,6 g,3.9 g,12.9 g,12.2 g,7.2 g,0.08 g,,,,,
0000016857,Danio Jogurt pitny smak mango 270 g,nabial,Y,w porcji 100 g,67 kcal,1.4 g,0.9 g,9.8 g,9.6 g,3.6 g,0.14 g,,,,,
0000004705,Rolmlecz Serek homogenizowany czekoladowy 200 g ,nabial,Y,w porcji 100 g,138 kcal,5.5 g,3.6 g,15 g,14 g,7 g,0.1 g,,,,,
0000006731,GustoBello Gorgonzola Dolce Łagodna 150 g,nabial,Y,w porcji 100 g,351 kcal,30 g,21 g,0.9 g,0.1 g,19 g,1.78 g,,,,,
0000011861,Müllermilch limited napój mleczny o smaku bułeczki cynamonowej 400 g,nabial,Y,w porcji 100 g,68 kcal,1.4 g,1 g,10.5 g,9.7 g,3.3 g,0.14 g,,,,,
0000005189,Delikate Kremowy bawarski ser z zielonym pieprzem 150 g,nabial,Y,w porcji 100 g,442 kcal,43 g,29 g,0.1 g,0.1 g,13.7 g,1.6 g,,,,,
0000001311,Delikate Serek śmietankowy klasyczny 200 g,nabial,Y,w porcji 100 g,243 kcal,23 g,15 g,3 g,3 g,6 g,0.7 g,,,0 g,,
0000010265,Activia Jogurt naturalny 165 g,nabial,Y,w porcji 100 g,72 kcal,3.5 g,2.3 g,5.7 g,5.7 g,4.5 g,0.17 g,,,,,
0000003336,Almette Puszysty serek twarogowy śmietankowy 150 g,nabial,Y,w porcji 100 g,256 kcal,24 g,17 g,3.2 g,3.2 g,6.7 g,,,,,,
0000004934,Bakoma Jogurt Bio z morelami 140 g,nabial,Y,w porcji 100 g,89 kcal,2.5 g,1.8 g,12.9 g,12 g,3.5 g,0.1 g,,,,,
0000003419,Mleczna Dolina Mleko zagęszczone UHT 500g,nabial,Y,w porcji 100 g,134 kcal,7.5 g,4.8 g,11 g,11 g,5.5 g,0.18 g,,,,,
0000014673,Go Active Pudding proteinowy smak caffe late 200 g,nabial,Y,w porcji 100 g,82 kcal,1.5 g,0.9 g,6.9 g,4.8 g,10 g,0.31 g,,,0.1 g,,
0000004685,Mlekpol Maślanka Mrągowska naturalna 1 l,nabial,Y,w porcji 100 ml,48 kcal,1.5 g,1 g,5 g,5 g,3.5 g,0.1 g,,,,,
0000005545,Fruvita Protein jogurt mango 230 g,nabial,Y,w porcji 100 g,73 kcal,1.5 g,0.9 g,6.6 g,6.4 g,8 g,0.15 g,,,0.5 g,,
0000019292,Danone YoPro Jogurt smak stracciatella 160 g,nabial,Y,w porcji 100 g,57 kcal,0.5 g,0.3 g,3.6 g,3.1 g,9.4 g,0.1 g,,,,,
0000004820,Elios Ser Feta 150 g,nabial,Y,w porcji 100 g,276 kcal,23 g,16.1 g,0.7 g,0.7 g,16.5 g,2.2 g,,,,,
0000015438,Danone Danio Jogurt pitny smak ciasteczko 270g,nabial,Y,w porcji 100 g,67 kcal,1.5 g,1 g,9.7 g,9.4 g,3.6 g,0.14 g,,,,,
0000012007,Müllermilch Shake Limited o smaku Choco Orange Napój mleczny 400 g,nabial,Y,w porcji 100 g,86 kcal,3.4 g,2.3 g,10 g,9.6 g,3.5 g,0.16 g,,,,,
0000002418,Fruvita Mixo Napój jogurtowy o smaku truskawka banan 700g,nabial,Y,w porcji 100 g,66 kcal,0.8 g,0.5 g,12.9 g,11.4 g,1.7 g,0.1 g,,,0.03 g,,
0000006484,Światowid Kaszebsczi ser z czarnuszką,nabial,Y,w porcji 100 g,376 kcal,27 g,20 g,2 g,0.5 g,24 g,1.8 g,,,,,
0000006590,Mleczna Dolina Śmietanka kremówka UHT 36% 500 ml,nabial,Y,w porcji 100 ml,344 kcal,36 g,22 g,3 g,3 g,2 g,0.08 g,,,,,
0000000796,Światowid Ser żółty Gouda 400 g,nabial,Y,w porcji 100 g,344 kcal,26 g,18 g,1.4 g,0.2 g,26 g,1.5 g,,,0 g,,
0000004150,Słynne MR Roślinne Margaryna 500 g ,nabial,Y,w porcji 100 g,721 kcal,80 g,28 g,0.5 g,0.5 g,0.5 g,0.15 g,,,,,
0000008352,"Piątnica Jogurt skyr z jagodami, 150 g",nabial,Y,w porcji 100 g,82 kcal,0 g,0 g,11 g,11 g,9.6 g,0.06 g,,,,,
0000001560,Delikate Serek w plastrach kanapkowy z ziołami 150 g,nabial,Y,w porcji 100 g,276 kcal,24 g,16 g,5 g,5 g,10 g,1 g,,,0 g,,
0000007438,"Piątnica Serek Homogenizowany waniliowy, 150 g",nabial,Y,w porcji 100 g,138 kcal,6.3 g,4.4 g,13 g,13 g,7.2 g,0.1 g,,,,,
0000000153,"Mleczna Dolina Mleko UHT odtłuszczone zawartość tłuszczu 0,5% 1 L",nabial,Y,w porcji 100 ml,35 kcal,0.5 g,0.3 g,4.7 g,4.7 g,3 g,0.1 g,,,,,
0000002908,Delikate Brie de caracter 200 g,nabial,Y,w porcji 100 g,353 kcal,32 g,19 g,0.5 g,0.5 g,16 g,1.7 g,,,,,
0000006524,Piątnica Skyr jogurt pitny typu islandzkiego truskawka & kiwi 330 ml,nabial,Y,w porcji 100 g,80 kcal,1.5 g,1.1 g,10 g,10 g,6.5 g,0.08 g,,,,,
0000006996,GustoBello Grana Padano wiórki 100 g,nabial,Y,w porcji 100 g,398 kcal,29 g,18 g,0 g,0 g,33 g,1.5 g,,,,,
0000009637,"Go Active Pudding proteinowy, smak czekoladowy 200g",nabial,Y,w porcji 100 g,81 kcal,1.5 g,1 g,6.4 g,5.2 g,10 g,0.25 g,,,0.9 g,,
0000001139,Światowid Premium Ser Gouda plastry 250g,nabial,Y,w porcji 100 g,335 kcal,27 g,16 g,0.1 g,0.1 g,23 g,1.5 g,,,,,
0000004573,Finuu klasyczne z fińskiego masła olejów z rzepaku i lnianki Miks tłuszczowy do smarowania 200 g,nabial,Y,w porcji 100 g,682 kcal,75 g,29 g,1.1 g,1.1 g,0.8 g,0 g,,,,34 g,12 g
0000006452,Robico Kefir Robico 400g,nabial,Y,w porcji 100 g,43 kcal,1.5 g,1 g,4.2 g,4.2 g,3.1 g,0.1 g,,,,,
0000001846,Mleczna Dolina Kefir 1 kg,nabial,Y,w porcji 100 g,51 kcal,2 g,1.2 g,4.9 g,4.3 g,3.4 g,0.1 g,,,,,
0000019291,Danone YoPro Jogurt smak banan-krem z orzeszków ziemnych 160 g,nabial,Y,w porcji 100 g,56 kcal,0.1 g,0.1 g,4.4 g,4.1 g,9.4 g,0.09 g,,,,,
0000001266,aktiplus Truskawka L.casei + witamina B6 + witamina D (6x100 g) 600 g ,nabial,Y,w porcji 100 g,63 kcal,0.9 g,0.5 g,10.8 g,10.7 g,3 g,0.1 g,,,0 g,,
0000001826,Delikate Serek truskawkowy 385 g,nabial,Y,w porcji 100 g,136 kcal,6.5 g,4.2 g,13.5 g,11.6 g,5.6 g,0.1 g,,,0 g,,
0000016317,Piątnica  Serek wiejski jabłko cynamon 150 g,nabial,Y,w porcji 100 g,110 kcal,4 g,2.8 g,10 g,10 g,8.6 g,0.5 g,,,,,
0000004292,Mlekovita Mleko UHT 2% tłuszczu Wypasione 1 l,nabial,Y,w porcji 100 ml,49 kcal,2 g,1.3 g,4.7 g,4.7 g,3.2 g,0.1 g,,,,,
0000004359,Mlekovita Mleko spożywcze Polskie 2% tłuszczu 1l,nabial,Y,w porcji 100 ml,49 kcal,2 g,1.3 g,4.7 g,4.7 g,3 g,0.1 g,,,,,
0000004183,Światowid Tylżycki 300g,nabial,Y,w porcji 100 g,312 kcal,24 g,16 g,0 g,0 g,24 g,1.8 g,,,0 g,,
0000000269,Fruvita Jogurt naturalny gęsty 400g,nabial,Y,w porcji 100 g,57 kcal,2.5 g,1.5 g,5.2 g,5.2 g,3.5 g,0.13 g,,,0 g,,
0000002422,Fruvita Mixo Napój jogurtowy o smaku truskawka kiwi 700g,nabial,Y,w porcji 100 g,65 kcal,0.8 g,0.5 g,12.8 g,11.3 g,1.7 g,0.13 g,,,0.02 g,,
0000014672,Go Active Pudding proteinowy smak białej czekolady 200 g,nabial,Y,w porcji 100 g,83 kcal,1.5 g,1 g,7.1 g,4.8 g,10 g,0.31 g,,,0.1 g,,
0000001921,Activia Drink Mango/Ananas/Siemię Lniane 280 g,nabial,Y,w porcji 100 g,64 kcal,1.1 g,0.57 g,10 g,10 g,3.2 g,0.11 g,,,,,
0000007511,Moja Kurka Jaja wolny wybieg M 10 szt,nabial,Y,w porcji 100 g,139 kcal,9.7 g,3 g,0.6 g,0 g,12.5 g,0.4 g,,,,,
0000001558,Delikate Serek w plastrach kanapkowy klasyczny 150 g,nabial,Y,w porcji 100 g,276 kcal,24 g,16 g,5 g,5 g,10 g,1 g,,,0 g,,
0000004197,Piątnica Twój smak aksamitny ziołowy 135g,nabial,Y,w porcji 100 g,243 kcal,23 g,15 g,3 g,3 g,6 g,0.8 g,,,,,
0000000002,Delma idealna do kanapek 450 g,nabial,Y,w porcji 100 g,347 kcal,39 g,10 g,0.5 g,0.5 g,0.5 g,0.32 g,,,0.5 g,,
0000001250,Mleczna Dolina Maślanka naturalna 1 l,nabial,Y,w porcji 100 ml,38 kcal,0.5 g,0.3 g,4.8 g,4.8 g,3.5 g,0.1 g,,,,,
0000004992,Delikate Blue Ser pleśniowy 100 g,nabial,Y,w porcji 100 g,366 kcal,31 g,21 g,1.8 g,0 g,20 g,2.5 g,,,,,
0000011213,"Łaciate Mleko świeże 3,2 % 1 l",nabial,Y,w porcji 100 ml,60 kcal,3.2 g,2 g,4.7 g,4.7 g,3.2 g,0.1 g,,,,,
0000002823,Piątnica Twarożek 150 g,nabial,Y,w porcji 100 g,90 kcal,4 g,2.8 g,2.4 g,2 g,11 g,0.7 g,,,,,
0000009632,Go Active Kaszka proteinowa smak karmelowy 200 g,nabial,Y,w porcji 100 g,79 kcal,1.5 g,0.9 g,8.7 g,4.7 g,7.5 g,0.25 g,,,0.2 g,,
0000001799,Światowid Ser żółty Radamer wędzony 250 g,nabial,Y,w porcji 100 g,1426 kcal,26 g,18 g,1.3 g,0 g,26 g,1.2 g,,,,,
0000000295,Śmietanka UHT 12 % 500ml Mleczna Dolina,nabial,Y,w porcji 100 ml,134 kcal,12 g,7.2 g,3.9 g,3.9 g,2.7 g,0.1 g,,,,,
0000004935,"Jogurt BIO truskawka, 140 g ",nabial,Y,w porcji 100 g,89 kcal,2.5 g,1.8 g,12.9 g,12 g,3.5 g,0.1 g,,,,,
0000000980,Światowid Ser żółty salami plastry 300g,nabial,Y,w porcji 100 g,1463 kcal,27 g,17 g,1.3 g,0 g,26 g,1.3 g,,,0 g,,
0000001107,Delikate Serek puszysty klasyczny 150 g,nabial,Y,w porcji 100 g,240 kcal,22 g,15 g,3.2 g,2.7 g,7.2 g,0.58 g,,,0 g,,
0000015169,Müller Müllermilch Shake Napój mleczny o smaku białej czekolady i kokosa 400 g,nabial,Y,w porcji 100 g,84 kcal,3.4 g,2.3 g,10.1 g,9.7 g,3.3 g,0.14 g,,,,,
0000010533,"Piątnica Mleko Wiejskie 2,0% 1 l",nabial,Y,w porcji 100 g,50 kcal,2 g,1.3 g,4.8 g,4.8 g,3.2 g,0.1 g,,,,,
0000001298,Président Twaróg delikatny naturalny 350 g,nabial,Y,w porcji 100 g,134 kcal,10 g,6.5 g,3.8 g,3.3 g,6.9 g,0.1 g,,,,,
0000010666,Światowid ser topiony tostowy 130 g,nabial,Y,w porcji 100 g,298 kcal,25 g,17 g,3.3 g,2.2 g,15 g,2.5 g,,,,,
0000010689,Światowid Gouda ser topiony 100g,nabial,Y,w porcji 100 g,203 kcal,15 g,10 g,6 g,5.8 g,11 g,2.2 g,,,0 g,,
0000019280,Mlekovita SBA Ser wysokobiałkowy sałatkowo-kanapkowy 270 g,nabial,Y,w porcji 100 g,153 kcal,9 g,5.8 g,5.9 g,3.5 g,12 g,3 g,,,,,
0000007738,Mlekovita Ser Cheddar wiórki 300 g,nabial,Y,w porcji 100 g,379 kcal,31 g,20 g,0 g,0 g,25 g,1.7 g,,,,,
0000006450,Łaciata Śmietanka 30 % UHT  500 ml,nabial,Y,w porcji 100 ml,292 kcal,30 g,19 g,3.3 g,3.3 g,2.2 g,0.1 g,,,,,
0000016934,Müllermilch Protein Napój mleczny banan 400 g,nabial,Y,w porcji 100 g,60 kcal,1.5 g,1 g,5 g,5 g,6.5 g,0.13 g,,,,,
0000002866,Fruvita Jogurt o smaku pieczonego jabłka 400g,nabial,Y,w porcji 100 g,92 kcal,2.5 g,1.5 g,14.5 g,13.3 g,2.7 g,0.1 g,,,0.3 g,,
0000005188,Delikate Kremowy bawarski ser blue 150 g,nabial,Y,w porcji 100 g,442 kcal,43 g,29 g,0.1 g,0.1 g,13.7 g,1.6 g,,,,,
0000004367,"President Camembert Naturalny, 120 g",nabial,Y,w porcji 100 g,357 kcal,32 g,20 g,0.5 g,0.5 g,17 g,1.7 g,,,,,
0000011457,Fruvita Low Carb jogurt waniliowy 150 g,nabial,Y,w porcji 100 g,47 kcal,1.7 g,1.2 g,1.2 g,0.7 g,6.8 g,0.09 g,,,,,
0000005547,Fruvita Protein jogurt truskawkowy 230 g,nabial,Y,w porcji 100 g,72 kcal,1.5 g,0.9 g,6.4 g,6.2 g,8 g,0.15 g,,,0.5 g,,
0000019892,Bakoma Jogurt naturalny gęsty 330 g,nabial,Y,w porcji 100 g,58 kcal,2.8 g,2 g,4.9 g,4.9 g,3.3 g,0.11 g,,,,,
0000001852,Światowid Ser plastry mierzwione Gouda 150 g,nabial,Y,w porcji 100 g,335 kcal,27 g,16 g,0.1 g,0.1 g,23 g,2.5 g,,,,,
0000001924,Activia Jogurt brzoskwinia marakuja 280 g,nabial,Y,w porcji 100 g,60 kcal,0.8 g,0.5 g,9.9 g,9.9 g,2.9 g,0.11 g,,,,,
0000003688,Fruvita Jogurt truskawka poziomka 400g,nabial,Y,w porcji 100 g,84 kcal,2.5 g,1.5 g,12.6 g,11.4 g,2.7 g,0.1 g,,,0.2 g,,
0000006585,Bakuś Serek waniliowy 90 g,nabial,Y,w porcji 100 g,108 kcal,4 g,2.4 g,12.3 g,11.8 g,5.8 g,0.1 g,,,,,
0000001828,Delikate Serek brzoskwiniowy 385 g,nabial,Y,w porcji 100 g,136 kcal,6.5 g,4.2 g,13.4 g,11.8 g,5.7 g,0.1 g,,,0.1 g,,
0000007264,Go Vege Cocojogu klasyczny 150g,nabial,Y,w porcji 100 g,72 kcal,5.1 g,4.6 g,5.9 g,0.5 g,0.4 g,0.04 g,,,0.4 g,,
0000003741,Hochland ze śmietanką. Ser kremowy topiony w bloczku 90 g,nabial,Y,w porcji 100 g,181 kcal,13 g,8.3 g,5.9 g,5.9 g,10 g,2.5 g,,,,,
0000005901,Światowid Mozzarella w kawałku 300g,nabial,Y,w porcji 100 g,278 kcal,20 g,13.6 g,0.5 g,0.5 g,24 g,1.4 g,,,0 g,,
0000003037,Światowid Ser kozi plastry 160 g,nabial,Y,w porcji 100 g,364 kcal,30.9 g,21 g,0 g,0 g,21.5 g,1.8 g,,,,,
0000010644,Kortos Ser sałatkowy typu greckiego ziołowy 160 g,nabial,Y,w porcji 100 g,202 kcal,16 g,11 g,3.5 g,3.5 g,11 g,2.7 g,,,,,
0000003753,Fruvita Jogurt pitny bananowy (6x100 g) 600 g,nabial,Y,w porcji 100 g,79 kcal,1.7 g,1 g,12.8 g,12.3 g,3 g,0.1 g,,,0.1 g,,
0000009638,Go Active Pudding proteinowy o smaku słonego karmelu 200g,nabial,Y,w porcji 100 g,77 kcal,1.3 g,0.8 g,6.3 g,4.3 g,10 g,0.32 g,,,0.1 g,,
0000004905,Go Active Napój proteinowy o smaku słonego karmelu 250 g,nabial,Y,w porcji 100 g,59 kcal,0.1 g,0.03 g,4.5 g,4.4 g,10 g,0.1 g,,,0 g,,
0000004199,Piątnica Twój Smak Serek śmietankowy aksamitny klasyczny 135 g,nabial,Y,w porcji 100 g,243 kcal,23 g,15 g,3 g,3 g,6 g,0.8 g,,,,,
0000019398,Alpro Skyr Style sojowy naturalny 400 g,nabial,Y,w porcji 100 g,68 kcal,3.3 g,0.6 g,2.6 g,2.5 g,6 g,0.38 g,,,1.3 g,,
0000000315,Dessella Deser mleczny o smaku czekoladowym z bitą śmietanką 180 g,nabial,Y,w porcji 100 g,101 kcal,2.5 g,1.5 g,17.4 g,13.9 g,2.2 g,0.08 g,,,,,
0000000003,Kasia 250 g,nabial,Y,w porcji 100 g,619 kcal,70 g,33 g,0.5 g,0.5 g,0.5 g,0.2 g,,,,,
0000004981,Mleczna Dolina masło osełkowe extra zawartość tłuszczu 82 % 300 g,nabial,Y,w porcji 100 g,744 kcal,82 g,55 g,0.7 g,0.7 g,0.7 g,0.2 g,,,,,
0000006634,Smakowita de Luxe  450 g,nabial,Y,w porcji 100 g,495 kcal,55 g,17 g,0 g,0 g,0 g,0.3 g,,,,,
0000009920,Mleczna Dolina Masło klarowane 500 g,nabial,Y,w porcji 100 g,898 kcal,99.8 g,65 g,0.1 g,0.1 g,0.1 g,0 g,,,,,
0000003755,Fruvita Jogurt pitny truskawkowy (6x100 g) 600 g,nabial,Y,w porcji 100 g,79 kcal,1.7 g,1 g,12.8 g,12.3 g,3 g,0.1 g,,,0.1 g,,
0000007632,Danone Gratka o smaku truskawkowym Deser (4 x 115 g) 460 g,nabial,Y,w porcji 100 g,74 kcal,1 g,0.6 g,14.5 g,12.6 g,1.8 g,0.06 g,,,,,
0000011701,Go Active Serek proteinowy ze skyrem brzoskwinia-marakuja 200 g,nabial,Y,w porcji 100 g,72 kcal,0.2 g,0.1 g,5 g,3.7 g,12 g,0.1 g,,,0.1 g,,
0000011458,Fruvita Low Carb jogurt naturalny 150 g,nabial,Y,w porcji 100 g,53 kcal,2 g,1.4 g,0.8 g,0.8 g,8 g,0.1 g,,,,,
0000015439,Danone Danio Jogurt pitny smak wanilia 270g,nabial,Y,w porcji 100 g,65 kcal,1.4 g,0.9 g,9.5 g,9.2 g,3.5 g,0.14 g,,,,,
0000000780,Fruvita Jogurt wiśniowy 400g,nabial,Y,w porcji 100 g,87 kcal,2.5 g,1.8 g,13.4 g,11.4 g,2.7 g,0.1 g,,,0.14 g,,
0000001492,Mleczna Dolina Śmietanka 30 % 330 ml,nabial,Y,w porcji 100 ml,292 kcal,30 g,20 g,3.2 g,3.2 g,2.3 g,0.1 g,,,,,
0000019314,Lindahls Skyr pitny mango 350 g,nabial,Y,w porcji 100 g,86 kcal,1.5 g,0.9 g,10 g,10 g,7.6 g,0.15 g,,,0.2 g,,
0000002415,Fruvita Mixo Napój jogurtowy o smaku jagoda wiśnia 700g,nabial,Y,w porcji 100 g,67 kcal,0.8 g,0.5 g,13.3 g,11.8 g,1.7 g,0.1 g,,,0.03 g,,
0000008345,"goBIO Mleko 3,9% 1l",nabial,Y,w porcji 100 ml,67 kcal,3.9 g,2.3 g,4.8 g,4.8 g,3.1 g,0.1 g,,,,,
0000001845,Mlekovita Masło ekstra 82% tł. osełka 500g,nabial,Y,w porcji 100 g,746 kcal,82 g,54 g,1 g,1 g,1 g,0.02 g,,,,,
0000005491,Go Bio Jogurt naturalny 150g,nabial,Y,w porcji 100 g,75 kcal,3.8 g,2.4 g,4.7 g,4.7 g,5 g,0.15 g,,,,,
0000002316,Fruvita 0%  Jogurt pitny o smaku suszonej śliwki 400 g,nabial,Y,w porcji 100 g,41 kcal,0.2 g,0.1 g,6.2 g,4.8 g,3.7 g,0.13 g,,,0.04 g,,
0000007640,Fruvita Pure jogurt owoce jagoda banan 150 g,nabial,Y,w porcji 100 g,91 kcal,3.1 g,1.8 g,11.3 g,8.8 g,4 g,0.15 g,,,0.8 g,,
0000008539,Alpro Skyr Style sojowy mango 400 g,nabial,Y,w porcji 100 g,84 kcal,3 g,0.5 g,8.4 g,8.1 g,5.2 g,0.26 g,,,1.2 g,,
0000016935,Activia Jogurt bez dodatku cukru truskawka banan 270 g,nabial,Y,w porcji 100 g,47 kcal,0.5 g,0.3 g,7.3 g,7.1 g,3.1 g,0.14 g,,,,,
0000005870,Zott Jogobella Jogurt truskawka 400 g,nabial,Y,w porcji 100 g,100 kcal,2.6 g,1.8 g,14.8 g,13.8 g,3.5 g,0.15 g,,,,,
0000017529,Actimel Kids Truskawka-Banan 6x100 g,nabial,Y,w porcji 100 g,70 kcal,1.4 g,1 g,10.7 g,10.6 g,2.8 g,0.1 g,,,,,
0000009636,"Go Active Pudding proteinowy, smak waniliowy 200g",nabial,Y,w porcji 100 g,76 kcal,1.3 g,0.8 g,6 g,4.4 g,10 g,0.27 g,,,0.1 g,,
0000010665,Światowid Ser topiony z szynką 130 g,nabial,Y,w porcji 100 g,298 kcal,25 g,17 g,3.3 g,2.2 g,15 g,2.5 g,,,,,
0000001081,Światowid Liliput Ser podpuszczkowy dojrzewający 350 g,nabial,Y,w porcji 100 g,335 kcal,27 g,16 g,0.1 g,0.1 g,23 g,1.5 g,,,0 g,,
0000010435,Président Twaróg sernikowy 1 kg,nabial,Y,w porcji 100 g,92 kcal,4 g,2.8 g,4.2 g,3.9 g,9.7 g,0.1 g,,,,,
0000004363,Hochland Ser kremowy w plastrach gouda 130 g,nabial,Y,w porcji 100 g,244 kcal,17 g,11 g,6.7 g,6.7 g,16 g,2.6 g,,,,,
0000004975,Turek Camembert natura 120 g,nabial,Y,w porcji 100 g,356 kcal,31 g,22 g,1.3 g,0.5 g,18 g,1.7 g,,,,,
0000001839,Actimel o smaku truskawkowym 6x100 g,nabial,Y,w porcji 100 g,76 kcal,1.4 g,1 g,12 g,11.9 g,2.8 g,0.1 g,,,,,
0000001825,Delikate Serek o smaku waniliowym 400 g,nabial,Y,w porcji 100 g,136 kcal,6.5 g,4.2 g,13.5 g,11.8 g,5.6 g,0.1 g,,,0 g,,
0000005190,Delikate Kremowy bawarski ser łagodny 150 g,nabial,Y,w porcji 100 g,442 kcal,43 g,29 g,0.1 g,0.1 g,13.7 g,1.6 g,,,,,
0000004174,Światowid Rolada Ustrzycka plastry 300 g,nabial,Y,w porcji 100 g,316 kcal,24 g,15 g,0 g,0 g,25 g,1.4 g,,,0 g,,
0000004904,Go Active Napój proteinowy o smaku czekoladowym 250 g,nabial,Y,w porcji 100 g,60 kcal,0.2 g,0.11 g,4.6 g,4.5 g,10 g,0.1 g,,,0 g,,
0000019223,Müller Müllermilch Protein Napój mleczny o smaku waniliowym 400 g,nabial,Y,w porcji 100 g,60 kcal,1.5 g,1 g,5 g,5 g,6.5 g,0.13 g,,,,,
0000004939,Jogurt BIO naturalny 140 g,nabial,Y,w porcji 100 g,63 kcal,2 g,1.4 g,6.8 g,6.8 g,4.5 g,0.13 g,,,,,
0000014900,Mlekovita Ser Wypasiony premium plastry 300 g,nabial,Y,w porcji 100 g,366 kcal,30 g,19 g,0 g,0 g,24 g,1.4 g,,,,,
0000007074,"Mlekovita Mleko spożywcze Polskie 3,2% tłuszczu 1 l",nabial,Y,w porcji 100 g,60 kcal,3.2 g,2 g,4.7 g,4.7 g,3 g,0.1 g,,,,,
0000010266,Piątnica Jogurt naturalny 330 g,nabial,Y,w porcji 100 g,58 kcal,2.4 g,1.6 g,4 g,4 g,5 g,0.1 g,,,,,
0000007719,"Piątnica  Koktajl białkowy - truskawka, banan 250 ml",nabial,Y,w porcji 100 g,88 kcal,1.2 g,0.7 g,9 g,9 g,10.2 g,0.09 g,,,,,
0000006521,Piątnica Skyr jogurt pitny typu islandzkiego wanilia 330 ml,nabial,Y,w porcji 100 g,78 kcal,1.5 g,1.1 g,9.5 g,9 g,6.5 g,0.08 g,,,,,
0000002315,Fruvita 0% jogurt pitny truskawkowy 400 g,nabial,Y,w porcji 100 g,41 kcal,0.2 g,0.1 g,6 g,4.8 g,3.7 g,0.13 g,,,0.06 g,,
0000005324,Go Bio Kefir naturalny 500 g,nabial,Y,w porcji 100 g,43 kcal,1.5 g,0.9 g,4 g,4 g,3.4 g,0.1 g,,,,,
0000001827,Delikate Serek naturalny 400 g,nabial,Y,w porcji 100 g,112 kcal,7.5 g,4.9 g,4 g,4 g,6.9 g,0.1 g,,,0 g,,
0000005477,Sierpc Ser królewski Light plastry 135 g,nabial,Y,w porcji 100 g,301 kcal,19 g,12 g,1.6 g,0 g,31 g,1.4 g,,,,,
0000007265,Go Vege Cocojogu Wegański deser truskawka 150g,nabial,Y,w porcji 100 g,93 kcal,4.3 g,3.9 g,12.9 g,7.5 g,0.4 g,0.04 g,,,0.5 g,,
0000019311,Alpro Skyr Style sojowy mango 150 g,nabial,Y,w porcji 100 g,84 kcal,3 g,0.5 g,8.4 g,8.1 g,5.2 g,0.26 g,,,1.2 g,,
0000006447,Galbani Ricotta  250 g,nabial,Y,w porcji 100 g,111 kcal,7 g,5.5 g,5 g,5 g,7 g,0.3 g,,,,,
0000005187,Delikate Kremowy bawarski ser Caractere 150 g,nabial,Y,w porcji 100 g,442 kcal,43 g,29 g,0.1 g,0.1 g,13.7 g,1.6 g,,,,,
0000006909,Müllermilch Napój mleczny SHAKE o smaku czekoladowo - ciasteczkowym 400 g,nabial,Y,w porcji 100 g,90 kcal,3.5 g,2.4 g,11 g,10.4 g,3.4 g,0.15 g,,,,,
0000004855,Mleczna Dolina Masło bez laktozy kostka 200 g ,nabial,Y,w porcji 100 g,744 kcal,82 g,55 g,0.7 g,0.7 g,0.7 g,0 g,,,,,
0000016933,Mullermilch Protein Napój mleczny czekoladowy 400 g,nabial,Y,w porcji 100 g,60 kcal,1.5 g,1 g,5 g,5 g,6.5 g,0.13 g,,,,,
0000006730,GustoBello Gorgonzola Piccante Pikantna 150 g,nabial,Y,w porcji 100 g,344 kcal,29 g,20 g,0.9 g,0.1 g,20 g,2.82 g,,,,,
0000008006,"SM Gostyń Mleko zagęszczone niesłodzone 7,5% gostyńskie 500g",nabial,Y,w porcji 100 g,131 kcal,7.5 g,4.5 g,9.4 g,9.4 g,6.5 g,0.3 g,,,,,
0000015185,Müller Müllermilch Party Napój mleczny o smaku malinowym 400 g,nabial,Y,w porcji 100 g,68 kcal,1.3 g,0.9 g,10.9 g,10.1 g,3.2 g,0.14 g,,,,,
0000011456,Fruvita Low Carb Jogurt o smaku jagodowym 150 g,nabial,Y,w porcji 100 g,47 kcal,1.7 g,1.2 g,1.2 g,0.7 g,6.8 g,0.09 g,,,,,
0000005125,Mleczna Dolina Masło irlandzkie 200 g,nabial,Y,w porcji 100 g,743 kcal,82 g,54 g,0.7 g,0.7 g,0.6 g,0.02 g,,,,,
0000019224,Müller Müllermilch Protein Napój mleczny o smaku kokosowo-czekoladowym 400 g,nabial,Y,w porcji 100 g,62 kcal,1.7 g,1.1 g,5.1 g,5 g,6.5 g,0.14 g,,,,,
0000007717,"Piątnica  Koktajl białkowy - malina, granat 250 ml",nabial,Y,w porcji 100 g,88 kcal,1.2 g,0.7 g,9 g,9 g,10.2 g,0.09 g,,,,,
0000019289,YoPRO Jogurt pitny o smaku stracciatella 270 g,nabial,Y,w porcji 100 g,59 kcal,0.5 g,0.2 g,5.4 g,5.2 g,8.3 g,0.17 g,,,,,
0000019290,Danone YoPro Jogurt pitny smak truskawka-malina 270 g,nabial,Y,w porcji 100 g,60 kcal,0.5 g,0.2 g,5.5 g,5.2 g,8.4 g,0.17 g,,,,,
0000015442,Go Active Proteinowy ser żółty 250 g,nabial,Y,w porcji 100 g,209 kcal,8.5 g,6 g,0 g,0 g,33 g,1.5 g,,,,,
0000007266,Go Vege Cocojogu Ananas-Mango 150g,nabial,Y,w porcji 100 g,91 kcal,4.3 g,3.9 g,12.4 g,7 g,0.4 g,0.05 g,,,0.4 g,,
0000019313,Lindahls Skyr pitny truskawkowy 350 g,nabial,Y,w porcji 100 g,84 kcal,1.5 g,0.9 g,10 g,9.9 g,7.6 g,0.15 g,,,0.23 g,,
0000018562,Müllermilch Shake Napój mleczny o smaku bułeczki cynamonowej 400 g,nabial,Y,w porcji 100 g,83 kcal,3.3 g,2.2 g,9.9 g,9.6 g,3.3 g,0.15 g,,,,,
0000019312,Alpro Skyr Style sojowy waniliowy 150 g,nabial,Y,w porcji 100 g,77 kcal,3 g,0.5 g,6.8 g,6.5 g,5.1 g,0.24 g,,,1.1 g,,
0000004988,Pasłęk Pasłęcki miks tłuszczowy do smarowania 200 g,nabial,Y,w porcji 100 g,686 kcal,75 g,33 g,1.6 g,0.9 g,0.6 g,0.04 g,,,,,
0000002428,Tutti Serek truskawka 150g,nabial,Y,w porcji 100 g,121 kcal,5 g,3.3 g,13.2 g,11.4 g,5.4 g,0.1 g,,,,,
0000004395,Delikate Roladka śmietankowa z pomidorem i bazylią 100g,nabial,Y,w porcji 100 g,320 kcal,29 g,20 g,3.1 g,3.1 g,9 g,1.5 g,,,3.4 g,,
0000011368,Gusto Bello Pecorino Romano Ser owczy dojrzewający min. 5 miesięcy 150g,nabial,Y,w porcji 100 g,406 kcal,34 g,23 g,0 g,0 g,25 g,4.7 g,,,,,
0000010697,Światowid Gouda ser topiony z szynką 150 g,nabial,Y,w porcji 100 g,203 kcal,15 g,10 g,6.1 g,5 g,11 g,2 g,,,0 g,,
0000008154,Mlekovita Ser Cheddar plastry 300g,nabial,Y,w porcji 100 g,379 kcal,31 g,20 g,0 g,0 g,25 g,1.7 g,,,,,
0000000756,Wyborna extra Margaryna 40% 500 g,nabial,Y,w porcji 100 g,361 kcal,40 g,12 g,0.1 g,0.1 g,0.1 g,1 g,,,,,
0000010436,"Serek Waniliowy President, 1 kg",nabial,Y,w porcji 100 g,136 kcal,6.5 g,4.2 g,13.5 g,11.8 g,5.6 g,0.1 g,,,,,
0000019315,Lindahls Skyr pitny waniliowy  350 g,nabial,Y,w porcji 100 g,87 kcal,1.6 g,1 g,11 g,10 g,7.6 g,0.15 g,,,0.06 g,,
0000010645,Kortos Ser sałatkowy typu greckiego 160 g,nabial,Y,w porcji 100 g,202 kcal,16 g,11 g,3.5 g,3.5 g,11 g,2.7 g,,,,,
0000003473,"President Camembert Naturalny, 170 g",nabial,Y,w porcji 100 g,357 kcal,32 g,20.4 g,0.2 g,0.2 g,17 g,1.7 g,,,,,
0000000179,Rama classic 400g,nabial,Y,w porcji 100 g,530 kcal,59 g,18 g,0.5 g,0.5 g,0.5 g,0.3 g,,,,,
0000009171,Activia Jogurt pitny bez dodatku cukru czereśnia jabłko banan 270 g,nabial,Y,w porcji 100 g,41 kcal,0.5 g,0.3 g,6 g,5.7 g,3 g,0.11 g,,,,,
0000004620,Światowid Maasdamer bez laktozy 150 g,nabial,Y,w porcji 100 g,334 kcal,26 g,17 g,0 g,0 g,25 g,1.3 g,,,0 g,,
0000009172,Activia Jogurt pitny bez dodatku cukru brzoskwinia ananas banan 270 g,nabial,Y,w porcji 100 g,42 kcal,0.5 g,0.3 g,6.1 g,6.1 g,3.1 g,0.11 g,,,,,
0000009964,Pro-Activ kardio 400 g,nabial,Y,w porcji 100 g,314 kcal,35 g,8.1 g,0.5 g,0.5 g,0.5 g,0.2 g,,,,17 g,9 g
0000001424,Mleczna Dolina Maślanka truskawkowa 1 l,nabial,Y,w porcji 100 ml,72 kcal,1.5 g,1 g,11 g,9.7 g,3.5 g,0.1 g,,,,,
0000003756,Fruvita Jogurt pitny bananowy (6x100 g) 600 g ,nabial,Y,w porcji 100 g,79 kcal,1.7 g,1 g,12.8 g,12.3 g,3 g,0.1 g,,,0.1 g,,
0000019293,Danone YoPro Jogurt smak waniliowy 160 g,nabial,Y,w porcji 100 g,53 kcal,0.1 g,0.1 g,3.6 g,3.1 g,9.4 g,0.09 g,,,,,
0000004100,Światowid Serek zakopiański 200 g,nabial,Y,w porcji 100 g,271 kcal,19 g,12 g,0 g,0 g,25 g,2.5 g,,,,,
0000000128,Cafe d'Or Zabielacz Cremista do kawy i herbaty 200g,nabial,Y,w porcji 100 g,567 kcal,36 g,34 g,59 g,9.9 g,1.5 g,1.18 g,,,0 g,,
0000016942,Danacol Jogurt pitny o smaku klasycznym (4 x 100 g) 400 g,nabial,Y,w porcji 100 g,38 kcal,1.1 g,0.1 g,4.3 g,4 g,2.7 g,0.13 g,,,,,
0000001423,Mleczna Dolina Maślanka pieczone jabłko 1 l,nabial,Y,w porcji 100 ml,72 kcal,1.5 g,1 g,11 g,9.7 g,3.5 g,0.1 g,,,,,
0000001267,aktiplus Klasyczny L.casei + witamina B6 + witamina D (6x100 g) 600 g ,nabial,Y,w porcji 100 g,63 kcal,0.9 g,0.5 g,10.7 g,10.7 g,3 g,0.1 g,,,0 g,,
0000015351,Łaciata Śmietanka 36 % 500 ml,nabial,Y,w porcji 100 ml,344 kcal,36 g,23 g,2.9 g,2.9 g,2 g,0.1 g,,,,,
0000003404,Flora Original 400g,nabial,Y,w porcji 100 g,315 kcal,35 g,7.4 g,0.5 g,0.5 g,0.5 g,0.5 g,,,,16 g,12 g
0000015340,Spółdzielnia Mleczarska w Gostyniu. Mleko zagęszczone słodzone gostyńskie 8% tłuszczu 530 g,nabial,Y,w porcji 100 g,322 kcal,8 g,4.8 g,55 g,55 g,7.3 g,0.28 g,,,,,
0000003239,Miami Jogurt waniliowy z niespodzianką 75g,nabial,Y,w porcji 100 g,98 kcal,2.5 g,1.7 g,14.7 g,14 g,4 g,0.1 g,,,,,
0000003475,Président Ser camembert lekki 170 g,nabial,Y,w porcji 100 g,197 kcal,12 g,8.2 g,0.5 g,0.5 g,22 g,1.7 g,,,,,
0000012875,Smakowita Margaryna maślany smak 450 g,nabial,N,,,,,,,,,,,,,
0000012922,Lurpak Masło klasyczne 200 g,nabial,Y,w porcji 100 g,747 kcal,82 g,53 g,0.7 g,0.7 g,0.6 g,0.01 g,,,,,
0000003476,Président Ser camembert lekki z bazylią 170 g,nabial,Y,w porcji 100 g,197 kcal,12 g,8.2 g,0.5 g,0.5 g,22 g,1.7 g,,,,,
0000016943,Danacol Jogurt pitny o smaku truskawkowym (4 x 100 g) 400 g,nabial,Y,w porcji 100 g,38 kcal,1.1 g,0.1 g,4.3 g,4 g,2.7 g,0.12 g,,,,,
0000011214,Beskidzki Miks Ekstra Maślany smak 200 g,nabial,Y,w porcji 100 g,540 kcal,60 g,29 g,0.1 g,0.1 g,0.1 g,0.24 g,,,,,
0000002115,"DANONKI Mega 3 x truskawka-wanilia, 3 x banan, (6 x 90g) 540g ",nabial,Y,w porcji 100 g,90 kcal,2.5 g,1.6 g,10.5 g,9.8 g,6.3 g,0.09 g,,,,,
0000006000,Fruvita Jogurt pitny typu islandzkiego Skyr jagoda 250 g,nabial,Y,w porcji 100 g,84 kcal,1.5 g,0.9 g,9.7 g,9.7 g,7.6 g,0.15 g,,,0.5 g,,
0000011453,Fruvita Jogurt pitny typu islandzkiego skyr naturalny 700 g,nabial,Y,w porcji 100 g,73 kcal,1.8 g,1.1 g,6.4 g,6.4 g,7.8 g,0.15 g,,,0 g,,
0000012902,Łaciaty Serek puszysty naturalny 150 g,nabial,Y,w porcji 100 g,249 kcal,23 g,16 g,4.8 g,3.7 g,5.8 g,0.7 g,,,,,
0000011664,Starbucks Skinny Latte 220 ml,nabial,Y,w porcji 100 ml,36 kcal,0.9 g,0.5 g,4.1 g,3.7 g,2.8 g,0.09 g,,,,,
0000007454,Piątnica Serek wiejski wysokobiałkowy 200g,nabial,Y,w porcji 100 g,95 kcal,3 g,2 g,2 g,2 g,15 g,0.6 g,,,,,
0000010267,Kiri Przekąska 35g,nabial,Y,w porcji 100 g,287 kcal,18 g,17 g,22 g,2.6 g,8 g,1.5 g,,,,,
0000012664,Wyśmienity Jogurt truskawkowy 135 g,nabial,Y,w porcji 100 g,88 kcal,1.9 g,1.2 g,15.1 g,13.6 g,2.5 g,0.1 g,,,,,
0000006952,Danmis Kozie mleko bez laktozy 500 ml,nabial,Y,w porcji 100 ml,53 kcal,2.5 g,1.8 g,4.3 g,4.1 g,3 g,0.09 g,,,,,
0000010275,Rama Roślinna kostka 250 g,nabial,Y,w porcji 100 g,2932 kcal,79 g,45 g,0.5 g,0.5 g,0.5 g,0 g,,,,,
0000011013,Alpro Vanilla flavour Yogurt sojowy Wanilia 400 g,nabial,Y,w porcji 100 g,66 kcal,2.2 g,0.4 g,7.5 g,7.5 g,3.7 g,0.2 g,,,0.9 g,,
0000009963,Pro-Activ 400 g,nabial,Y,w porcji 100 ml,314 kcal,35 g,7.6 g,0.5 g,0.5 g,0.5 g,0.2 g,,,,17 g,10 g
0000006513,Alpro Yogurt Sojowy Brzoskwinia 150 g,nabial,Y,w porcji 100 g,69 kcal,2.1 g,0.4 g,8.3 g,8.2 g,3.6 g,0.25 g,,,0.9 g,,
0000017858,Valio Profeel Pudding proteinowy tutti frutti bez laktozy 180 g,nabial,Y,w porcji 100 g,80 kcal,1.3 g,0.8 g,6 g,4.5 g,11 g,0.21 g,,,,,
0000006570,Krasnystaw Zsiadłe mleko 420 g,nabial,Y,w porcji 100 g,46 kcal,2 g,1.3 g,4 g,4 g,3 g,0.08 g,,,,,
0000008360,Delikate Ser typu cypryjskiego grillowy 200 g,nabial,Y,w porcji 100 g,332 kcal,26 g,17 g,0.6 g,0.6 g,24 g,2.6 g,,,0 g,,
0000015443,Go Active Skyr with strawberry filling 140 g,nabial,Y,w porcji 100 g,83 kcal,0.2 g,0.1 g,11 g,3.2 g,9.2 g,0.12 g,,,,,
0000016184,Mlekovita Wypasiony deser śmietankowy 130 g,nabial,Y,w porcji 100 g,168 kcal,9.5 g,6.4 g,18 g,9.8 g,2.5 g,0.15 g,,,,,
0000012899,Łaciaty Serek puszysty z cebulą i szczypiorkiem 150 g,nabial,Y,w porcji 100 g,250 kcal,23 g,16 g,4.9 g,3.8 g,5.8 g,0.7 g,,,,,
0000008538,Müllermilch ZERO Napój mleczny truskawka 400 g,nabial,Y,w porcji 100 g,47 kcal,1.5 g,1 g,4.9 g,4.9 g,3.5 g,0.12 g,,,,,
0000008536,Napój mleczny Müllermilch Zero Choco 400 g,nabial,Y,w porcji 100 g,52 kcal,1.7 g,1.2 g,5.3 g,4.8 g,3.7 g,0.13 g,,,,,
0000006514,Alpro Yogurt Sojowy Jagoda 150g,nabial,Y,w porcji 100 g,69 kcal,2.2 g,0.4 g,8.1 g,7.9 g,3.7 g,0.16 g,,,1 g,,
0000011012,Alpro Kirsche Yogurt sojowy Wiśnia 400 g,nabial,Y,w porcji 100 g,75 kcal,2 g,0.4 g,9.8 g,9.8 g,3.6 g,0.22 g,,,0.8 g,,
0000008537,Müllermilch ZERO Napój mleczny banan 400 g,nabial,Y,w porcji 100 g,47 kcal,1.5 g,1 g,4.9 g,4.9 g,3.5 g,0.12 g,,,,,
0000012901,Łaciaty Serek puszysty z chrzanem 150 g,nabial,Y,w porcji 100 g,231 kcal,21 g,14 g,5 g,3.9 g,5.5 g,0.7 g,,,,,
0000012665,Wyśmienity Jogurt gruszkowy 135 g,nabial,Y,w porcji 100 g,89 kcal,1.9 g,1.2 g,15.4 g,13.8 g,2.5 g,0.1 g,,,,,
0000011743,Alpro Produkt sojowy naturalny 500 g,nabial,Y,w porcji 100 g,55 kcal,3 g,1.1 g,2.3 g,2.1 g,3.9 g,0.32 g,,,0.8 g,,
0000008065,"Valio Profeel pudding proteinowy toffi-czekolada, bez laktozy 180 g",nabial,Y,w porcji 100 g,82 kcal,1.5 g,1 g,6 g,4.1 g,11 g,0.2 g,,,,,
0000010270,Piątnica Serek Homogenizowany ciasteczkowy 150g,nabial,Y,w porcji 100 g,127 kcal,5.8 g,3.9 g,12 g,12 g,6.6 g,0.1 g,,,,,
0000019286,Bakoma Maxi Meal o smaku bananowym 500 g,nabial,Y,w porcji 100 g,100 kcal,4.7 g,1.2 g,7 g,2.7 g,6.7 g,0.1 g,,,1.6 g,,
0000016722,Valio Pasteryzowany pudding proteinowy bez laktozy o smaku banan/toffi 180 g,nabial,Y,w porcji 100 g,86 kcal,1.9 g,1.1 g,7.6 g,6.2 g,9.5 g,0.29 g,,,,,
0000019287,Bakoma Maxi Meal o smaku słonego karmelu 500 g,nabial,Y,w porcji 100 g,100 kcal,4.7 g,1.2 g,7 g,2.7 g,6.7 g,0.2 g,,,1.6 g,,
0000004795,Mlekpol Maślanka Mrągowska truskawkowa 1 l,nabial,Y,w porcji 100 ml,74 kcal,1.5 g,1 g,12 g,12 g,3.2 g,0.1 g,,,,,
